Cidade,Vizinho1,Vizinho2,Vizinho3,Vizinho4,Vizinho5,Vizinho6,Vizinho7,Vizinho8,Vizinho9,Vizinho10
Água Branca,Juru,Belém do Brejo do Cruz,Santarém,Bonito de Santa Fé,Santa Helena,Aguiar,Imaculada,Bernardino Batista,Ibiara,Igaracy
Aguiar,Santarém,Santa Helena,Juru,Belém do Brejo do Cruz,Lagoa,Água Branca,Nova Olinda,Bernardino Batista,São José de Caiana,São Bentinho
Alagoa Grande,Bananeiras,Solânea,Areia,Itabaiana,Alagoa Nova,Araruna,Mulungu,Cuité,Puxinanã,Guarabira
Alagoa Nova,Cacimba de Dentro,Cuité,Bananeiras,Itabaiana,Areia,Araruna,Barra de Santa Rosa,Mulungu,Puxinanã,Araçagi
Alagoinha,Caiçara,Pilões,Montadas,Cacimba de Dentro,Serra Redonda,Barra de Santa Rosa,Santa Cecília,Pocinhos,Riachão,Lagoa Seca
Alcantil,Santo André,São José do Sabugi,Assunção,Cabaceiras,São Domingos do Cariri,Barra de Santana,São João do Tigre,Tenório,Baraúna,Frei Martinho
Algodão de Jandaíra,Sossêgo,Cuitegi,Casserengue,Serra Redonda,Logradouro,Pirpirituba,Damião,Serra da Raiz,Borborema,Montadas
Alhandra,São Miguel de Taipu,Sobrado,Conde,Pitimbu,Cuité de Mamanguape,Itapororoca,Pilar,Curral de Cima,Pedro Régis,Capim
Amparo,Barra de São Miguel,Cubati,Gurjão,Parari,São Mamede,Zabelê,Coxixola,Ouro Velho,Livramento,Caraúbas
Aparecida,Maturéia,Santana dos Garrotes,São José de Caiana,Mato Grosso,Nova Olinda,Bom Sucesso,Bom Jesus,Bernardino Batista,Vista Serrana,São Bentinho
Araçagi,Ingá,Santa Cecília,Pilões,Montadas,Esperança,Alagoa Nova,Cacimba de Dentro,Areia,Alagoinha,Itatuba
Arara,Olivedos,Natuba,Massaranduba,Itatuba,Lagoa de Dentro,Salgado de São Félix,Dona Inês,Serraria,Riachão do Bacamarte,Sertãozinho
Araruna,Cuité,Puxinanã,Barra de Santa Rosa,Bananeiras,Alagoa Nova,Cacimba de Dentro,Belém,Mulungu,Itabaiana,Solânea
Areia,Itabaiana,Alagoa Nova,Bananeiras,Ingá,Mulungu,Araçagi,Esperança,Alagoa Grande,Cuité,Cacimba de Dentro
Areia de Baraúnas,São Domingos,Santa Inês,Riacho dos Cavalos,Diamante,Monte Horebe,Passagem,São José de Princesa,Santa Cruz,São José do Brejo do Cruz,Pedra Branca
Areial,Matinhas,Gado Bravo,Remígio,Duas Estradas,Boa Vista,Mogeiro,Fagundes,Tacima,Serra da Raiz,Soledade
Assunção,Cabaceiras,São José do Sabugi,São Domingos do Cariri,Santo André,Alcantil,Barra de Santana,Baraúna,São João do Cariri,São Sebastião do Umbuzeiro,Caturité
Baía da Traição,Juripiranga,Capim,Mari,Lucena,Curral de Cima,Riachão do Poço,Rio Tinto,São José dos Ramos,Cuité de Mamanguape,Itapororoca
Bananeiras,Alagoa Grande,Alagoa Nova,Araruna,Itabaiana,Cuité,Mulungu,Areia,Solânea,Puxinanã,Cacimba de Dentro
Baraúna,Barra de Santana,São Sebastião do Umbuzeiro,São Domingos do Cariri,Cabaceiras,Caturité,Assunção,São José do Sabugi,São João do Cariri,Santo André,Alcantil
Barra de Santa Rosa,Cacimba de Dentro,Cuité,Araruna,Puxinanã,Belém,Alagoinha,Soledade,Caiçara,Riachão,Alagoa Nova
Barra de Santana,Baraúna,Cabaceiras,Assunção,São Domingos do Cariri,São José do Sabugi,São Sebastião do Umbuzeiro,Caturité,Santo André,Alcantil,São João do Cariri
Barra de São Miguel,Cubati,Amparo,Livramento,São Mamede,Gurjão,Coxixola,Riacho de Santo Antônio,Parari,Caraúbas,Zabelê
Bayeux,Pedro Régis,Caaporã,Mataraca,Pitimbu,Itapororoca,Alhandra,Pilar,Jacaraú,Conde,Santa Rita
Belém,Umbuzeiro,Soledade,Tacima,Barra de Santa Rosa,Puxinanã,Araruna,Fagundes,Cuité,Riachão,Cacimba de Dentro
Belém do Brejo do Cruz,Juru,Santarém,Aguiar,Água Branca,Bonito de Santa Fé,Santa Helena,Ibiara,Igaracy,Emas,Curral Velho
Bernardino Batista,Nova Olinda,São Bentinho,São José de Caiana,Cacimba de Areia,Vista Serrana,Emas,Igaracy,Maturéia,Aparecida,Curral Velho
Boa Ventura,Condado,São José de Espinharas,São José do Bonfim,Serra Grande,Carrapateira,Brejo dos Santos,Poço de José de Moura,Cachoeira dos Índios,Bom Jesus,Cacimbas
Boa Vista,Serra da Raiz,Mogeiro,Remígio,Matinhas,Casserengue,Sossêgo,Areial,Algodão de Jandaíra,Soledade,Gado Bravo
Bom Jesus,Bom Sucesso,Santana dos Garrotes,Mato Grosso,Aparecida,Poço de José de Moura,Maturéia,São José de Caiana,Cacimbas,Lagoa,Brejo dos Santos
Bom Sucesso,Bom Jesus,Mato Grosso,Santana dos Garrotes,Aparecida,São José de Caiana,Maturéia,Poço de José de Moura,Vista Serrana,Cacimbas,Nova Olinda
Bonito de Santa Fé,Ibiara,São José da Lagoa Tapada,Belém do Brejo do Cruz,Água Branca,Juru,Igaracy,São Francisco,Santarém,Malta,Catingueira
Boqueirão,Sumé,Salgadinho,Seridó,Taperoá,Picuí,Junco do Seridó,Serra Branca,Prata,São João do Cariri,São Mamede
Borborema,Caldas Brandão,Damião,Pilõezinhos,Pirpirituba,Riachão do Bacamarte,Serraria,Itatuba,Lagoa de Dentro,Cuitegi,Salgado de São Félix
Brejo do Cruz,Tavares,Marizópolis,Imaculada,Juru,Água Branca,Santa Helena,Santarém,Coremas,Aguiar,Itaporanga
Brejo dos Santos,Serra Grande,São José do Bonfim,Carrapateira,Poço de José de Moura,Bom Jesus,Bom Sucesso,Cacimbas,Cachoeira dos Índios,Santana dos Garrotes,Condado
Caaporã,Rio Tinto,Itapororoca,Pitimbu,Mataraca,Mari,Conde,Mamanguape,Baía da Traição,Lucena,Cruz do Espírito Santo
Cabaceiras,Assunção,São José do Sabugi,São Domingos do Cariri,Santo André,Barra de Santana,Baraúna,Alcantil,São Sebastião do Umbuzeiro,São João do Cariri,Caturité
Cabedelo,Pilar,Pedras de Fogo,Alhandra,Santa Rita,São Miguel de Taipu,Sobrado,Conde,Bayeux,Pitimbu,Cuité de Mamanguape
Cachoeira dos Índios,Lagoa,Poço de José de Moura,Cacimbas,Bom Jesus,Santana dos Garrotes,Bom Sucesso,Brejo dos Santos,Aparecida,Maturéia,Santa Helena
Cacimba de Areia,São Bentinho,Emas,Curral Velho,Vista Serrana,Bernardino Batista,Nova Olinda,Igaracy,São José de Caiana,São Francisco,Aparecida
Cacimba de Dentro,Barra de Santa Rosa,Alagoa Nova,Alagoinha,Cuité,Araruna,Caiçara,Riachão,Puxinanã,Pilões,Araçagi
Cacimbas,Poço de José de Moura,Santana dos Garrotes,Maturéia,Aparecida,Bom Jesus,Bom Sucesso,Cachoeira dos Índios,São José de Caiana,Mato Grosso,Brejo dos Santos
Caiçara,Alagoinha,Riachão,Montadas,Pilões,Serra Redonda,Barra de Santa Rosa,Cacimba de Dentro,Santa Cecília,Logradouro,Soledade
Cajazeiras,Conceição,São João do Rio do Peixe,Teixeira,Paulista,Sousa,Quixabá,Uiraúna,Santa Teresinha,Itaporanga,Lastro
Cajazeirinhas,Olho d'Água,Santana de Mangueira,Santa Cruz,Monte Horebe,Nazarezinho,Riacho dos Cavalos,Pedra Branca,Santa Inês,São Domingos,Jericó
Caldas Brandão,Pilõezinhos,Borborema,Riachão do Bacamarte,Sertãozinho,Damião,Lagoa de Dentro,Salgado de São Félix,Serraria,Massaranduba,Pirpirituba
Camalaú,Caraúbas,São João do Tigre,Frei Martinho,Tenório,Ouro Velho,Zabelê,Pedra Lavrada,Parari,Gurjão,Juazeirinho
Campina Grande,Guarabira,Alagoa Grande,Solânea,Bananeiras,Gurinhém,Araruna,Umbuzeiro,Cuité,Queimadas,Alagoa Nova
Capim,Juripiranga,Curral de Cima,Baía da Traição,Cuité de Mamanguape,Conde,Itapororoca,Pitimbu,Mari,Lucena,Rio Tinto
Caraúbas,Camalaú,Ouro Velho,Zabelê,Frei Martinho,Tenório,São João do Tigre,Parari,Gurjão,Pedra Lavrada,Amparo
Carrapateira,Serra Grande,São José do Bonfim,Brejo dos Santos,Poço de José de Moura,Bom Jesus,Bom Sucesso,Condado,Cachoeira dos Índios,Cacimbas,Santana dos Garrotes
Casserengue,Sossêgo,Algodão de Jandaíra,Serra da Raiz,Serra Redonda,Mogeiro,Boa Vista,Cuitegi,Logradouro,Pocinhos,Lagoa Seca
Catingueira,Malta,Vieirópolis,São Francisco,São José do Brejo do Cruz,São José de Princesa,Passagem,Igaracy,Curral Velho,Emas,Ibiara
Catolé do Rocha,Manaíra,Brejo do Cruz,Tavares,Marizópolis,São Bento,Itaporanga,Imaculada,Uiraúna,Lastro,Quixabá
Caturité,São Sebastião do Umbuzeiro,Baraúna,Barra de Santana,São Domingos do Cariri,Cabaceiras,São João do Cariri,Assunção,São José do Sabugi,Santo André,Alcantil
Conceição,Teixeira,São João do Rio do Peixe,Nazarezinho,Poço Dantas,Desterro,Quixabá,São José de Piranhas,Lastro,Uiraúna,Itaporanga
Condado,São José do Bonfim,Serra Grande,Carrapateira,Brejo dos Santos,Boa Ventura,Cachoeira dos Índios,Poço de José de Moura,Bom Jesus,Cacimbas,Bom Sucesso
Conde,Pitimbu,Itapororoca,Cuité de Mamanguape,Mamanguape,Capim,Curral de Cima,Juripiranga,Caaporã,Sobrado,São Miguel de Taipu
Congo,São José dos Cordeiros,Várzea,Caturité,São Sebastião do Umbuzeiro,Baraúna,Barra de Santana,São João do Cariri,São Domingos do Cariri,Cabaceiras,Assunção
Coremas,Desterro,São José de Piranhas,Itaporanga,Uiraúna,Lastro,Poço Dantas,Marizópolis,Teixeira,São João do Rio do Peixe,Tavares
Coxixola,Riacho de Santo Antônio,Livramento,Nova Palmeira,Barra de São Miguel,Amparo,Cubati,São Mamede,Gurjão,Parari,Monteiro
Cruz do Espírito Santo,Marcação,Jacaraú,Rio Tinto,São José dos Ramos,Lucena,Riachão do Poço,Mari,Caaporã,Mataraca,Baía da Traição
Cubati,Barra de São Miguel,Amparo,São Mamede,Gurjão,Livramento,Parari,Coxixola,Caraúbas,Zabelê,Ouro Velho
Cuité,Puxinanã,Araruna,Barra de Santa Rosa,Alagoa Nova,Mulungu,Cacimba de Dentro,Itabaiana,Bananeiras,Riachão,Belém
Cuité de Mamanguape,Curral de Cima,Capim,Conde,Juripiranga,Sobrado,São Miguel de Taipu,Pitimbu,Itapororoca,Baía da Traição,Mamanguape
Cuitegi,Pirpirituba,Damião,Algodão de Jandaíra,Logradouro,Borborema,Serra Redonda,Sossêgo,Serraria,Itatuba,Casserengue
Curral de Cima,Capim,Juripiranga,Cuité de Mamanguape,Baía da Traição,Conde,Itapororoca,Pitimbu,Sobrado,Mari,Lucena
Curral Velho,Emas,Igaracy,Cacimba de Areia,São Francisco,São Bentinho,Vista Serrana,Bernardino Batista,Nova Olinda,Catingueira,Malta
Damião,Pirpirituba,Borborema,Cuitegi,Caldas Brandão,Pilõezinhos,Itatuba,Serraria,Lagoa de Dentro,Salgado de São Félix,Logradouro
Desterro,Poço Dantas,São José de Piranhas,Coremas,Lastro,Teixeira,Uiraúna,Itaporanga,São João do Rio do Peixe,Jericó,Mãe d'Água
Diamante,Riacho dos Cavalos,São Domingos,Santa Inês,Princesa Isabel,Areia de Baraúnas,São José de Princesa,Passagem,São José do Brejo do Cruz,Piancó,Vieirópolis
Dona Inês,Natuba,Arara,São Sebastião de Lagoa de Roça,Olivedos,Massaranduba,Sertãozinho,Riachão do Bacamarte,Lagoa de Dentro,Salgado de São Félix,Pilõezinhos
Duas Estradas,Areial,Gado Bravo,Matinhas,Fagundes,Tacima,Gurinhém,Remígio,Boa Vista,Umbuzeiro,Mogeiro
Emas,Curral Velho,Cacimba de Areia,Igaracy,São Bentinho,São Francisco,Vista Serrana,Bernardino Batista,Nova Olinda,Catingueira,Malta
Esperança,Ingá,Araçagi,Areia,Alagoa Nova,Queimadas,Cacimba de Dentro,Bananeiras,Santa Cecília,Itabaiana,Pilões
Fagundes,Umbuzeiro,Tacima,Belém,Soledade,Gado Bravo,Areial,Gurinhém,Matinhas,Duas Estradas,Remígio
Frei Martinho,Tenório,São João do Tigre,Camalaú,Ouro Velho,Caraúbas,Zabelê,Parari,Pedra Lavrada,Gurjão,Alcantil
Gado Bravo,Areial,Matinhas,Remígio,Duas Estradas,Mogeiro,Fagundes,Boa Vista,Tacima,Soledade,Serra da Raiz
Guarabira,Alagoa Grande,Areia,Bananeiras,Esperança,Itabaiana,Ingá,Solânea,Alagoa Nova,Mulungu,Araçagi
Gurinhém,Fagundes,Umbuzeiro,Duas Estradas,Tacima,Belém,Gado Bravo,Areial,Soledade,Matinhas,Araruna
Gurjão,Parari,Zabelê,Ouro Velho,Caraúbas,Camalaú,Amparo,Frei Martinho,Tenório,Cubati,São João do Tigre
Ibiara,São José da Lagoa Tapada,Bonito de Santa Fé,Belém do Brejo do Cruz,São Francisco,Catingueira,Malta,Juru,Vieirópolis,Igaracy,Curral Velho
Igaracy,Curral Velho,Emas,São Francisco,Cacimba de Areia,São Bentinho,Bernardino Batista,Nova Olinda,Catingueira,Vista Serrana,Malta
Imaculada,Brejo do Cruz,Juru,Santa Helena,Água Branca,Santarém,Tavares,Aguiar,Lagoa,Marizópolis,Belém do Brejo do Cruz
Ingá,Araçagi,Esperança,Areia,Alagoa Nova,Santa Cecília,Pilões,Itabaiana,Montadas,Arara,Cacimba de Dentro
Itabaiana,Mulungu,Areia,Alagoa Nova,Cuité,Bananeiras,Puxinanã,Araruna,Riachão,Cacimba de Dentro,Alagoa Grande
Itaporanga,Uiraúna,Lastro,Coremas,Quixabá,São José de Piranhas,Desterro,Marizópolis,Teixeira,São João do Rio do Peixe,Poço Dantas
Itapororoca,Pitimbu,Conde,Mataraca,Caaporã,Capim,Juripiranga,Curral de Cima,Cuité de Mamanguape,Pedro Régis,Baía da Traição
Itatuba,Serraria,Borborema,Arara,Damião,Olivedos,Caldas Brandão,Pirpirituba,Pilõezinhos,Lagoa de Dentro,Salgado de São Félix
Jacaraú,Cruz do Espírito Santo,Marcação,Rio Tinto,Caaporã,São José dos Ramos,Mataraca,Lucena,Riachão do Poço,Mari,Baía da Traição
Jericó,Pedra Branca,Mãe d'Água,Riacho dos Cavalos,Santa Inês,São Domingos,Monte Horebe,Diamante,Areia de Baraúnas,Santa Cruz,Princesa Isabel
João Pessoa,Bayeux,Santa Rita,Cabedelo,Caaporã,Mamanguape,Jacaraú,Pedras de Fogo,Rio Tinto,Pitimbu,Conde
Juarez Távora,Gurinhém,Duas Estradas,Gado Bravo,Fagundes,Areial,Matinhas,Umbuzeiro,Tacima,Remígio,Belém
Juazeirinho,Pedra Lavrada,Camalaú,São João do Tigre,Caraúbas,Tenório,Frei Martinho,Zabelê,Ouro Velho,Gurjão,Cubati
Junco do Seridó,Serra Branca,Salgadinho,São Mamede,Taperoá,Sumé,Gurjão,Parari,Amparo,Cubati,Caraúbas
Juripiranga,Capim,Curral de Cima,Baía da Traição,Cuité de Mamanguape,Mari,Lucena,Conde,Itapororoca,Pitimbu,Rio Tinto
Juru,Santarém,Água Branca,Belém do Brejo do Cruz,Aguiar,Santa Helena,Bonito de Santa Fé,Lagoa,Bernardino Batista,Nova Olinda,Ibiara
Lagoa,Santa Helena,Aguiar,Santarém,Cachoeira dos Índios,Santana dos Garrotes,Aparecida,Juru,Maturéia,São José de Caiana,Mato Grosso
Lagoa de Dentro,Salgado de São Félix,Massaranduba,Pilõezinhos,Caldas Brandão,Riachão do Bacamarte,Arara,Borborema,Sertãozinho,Damião,Itatuba
Lagoa Seca,Pocinhos,Alagoinha,Mogeiro,Casserengue,Caiçara,Remígio,Soledade,Cacimba de Dentro,Barra de Santa Rosa,Serra Redonda
Lastro,Itaporanga,Uiraúna,Quixabá,Coremas,Desterro,Teixeira,São José de Piranhas,Poço Dantas,São João do Rio do Peixe,Marizópolis
Livramento,Riacho de Santo Antônio,Coxixola,Barra de São Miguel,Nova Palmeira,Cubati,Amparo,São Mamede,Monteiro,Gurjão,Parari
Logradouro,Serra Redonda,Montadas,Cuitegi,Algodão de Jandaíra,Pilões,Santa Cecília,Pirpirituba,Sossêgo,Serraria,Damião
Lucena,Mari,Riachão do Poço,Baía da Traição,São José dos Ramos,Rio Tinto,Juripiranga,Marcação,Cruz do Espírito Santo,Capim,Curral de Cima
Mãe d'Água,São José da Lagoa Tapada,Jericó,Pedra Branca,São José de Princesa,Passagem,Diamante,São José do Brejo do Cruz,Areia de Baraúnas,São Domingos,Ibiara
Malta,Catingueira,Vieirópolis,São Francisco,São José do Brejo do Cruz,São José de Princesa,Passagem,Igaracy,Curral Velho,Emas,Ibiara
Mamanguape,Conde,Caaporã,Cuité de Mamanguape,Pitimbu,Juripiranga,Itapororoca,Capim,Mari,Rio Tinto,Baía da Traição
Manaíra,Catolé do Rocha,Brejo do Cruz,Quixabá,Tavares,Itaporanga,Marizópolis,Uiraúna,Lastro,Imaculada,São Bento
Marcação,Cruz do Espírito Santo,Jacaraú,Rio Tinto,São José dos Ramos,Riachão do Poço,Lucena,Mari,Caaporã,Mataraca,Baía da Traição
Mari,Lucena,Rio Tinto,Baía da Traição,Riachão do Poço,São José dos Ramos,Juripiranga,Capim,Caaporã,Cruz do Espírito Santo,Marcação
Marizópolis,Tavares,Brejo do Cruz,Imaculada,Coremas,Itaporanga,Uiraúna,Lastro,São José de Piranhas,Água Branca,Juru
Massaranduba,Lagoa de Dentro,Salgado de São Félix,Sertãozinho,Riachão do Bacamarte,Arara,Pilõezinhos,Caldas Brandão,Natuba,Olivedos,Dona Inês
Mataraca,Itapororoca,Pedro Régis,Pitimbu,Caaporã,Rio Tinto,Conde,Baía da Traição,Juripiranga,Capim,Marcação
Matinhas,Areial,Boa Vista,Gado Bravo,Remígio,Serra da Raiz,Mogeiro,Duas Estradas,Tacima,Fagundes,Soledade
Mato Grosso,Bom Sucesso,Santana dos Garrotes,Bom Jesus,Aparecida,São José de Caiana,Vista Serrana,Maturéia,Nova Olinda,São Bentinho,Bernardino Batista
Maturéia,Aparecida,São José de Caiana,Santana dos Garrotes,Nova Olinda,Bernardino Batista,Mato Grosso,Cacimbas,Bom Jesus,Bom Sucesso,Vista Serrana
Mogeiro,Remígio,Boa Vista,Casserengue,Serra da Raiz,Lagoa Seca,Matinhas,Sossêgo,Areial,Gado Bravo,Soledade
Montadas,Pilões,Santa Cecília,Logradouro,Serra Redonda,Caiçara,Alagoinha,Riachão,Itatuba,Serraria,Araçagi
Monte Horebe,Santa Cruz,Riacho dos Cavalos,Santa Inês,São Domingos,Areia de Baraúnas,Santana de Mangueira,Diamante,Pedra Branca,Jericó,Princesa Isabel
Monteiro,Nova Palmeira,Livramento,Riacho de Santo Antônio,Coxixola,Santa Luzia,Barra de São Miguel,Cubati,São Mamede,Amparo,Gurjão
Mulungu,Itabaiana,Puxinanã,Cuité,Bananeiras,Alagoa Nova,Araruna,Areia,Riachão,Solânea,Barra de Santa Rosa
Natuba,Dona Inês,Arara,Olivedos,Massaranduba,Sertãozinho,Riachão do Bacamarte,Lagoa de Dentro,Salgado de São Félix,São Sebastião de Lagoa de Roça,Pilõezinhos
Nazarezinho,Olho d'Água,Cajazeirinhas,Santana de Mangueira,Poço Dantas,Pedra Branca,Jericó,Santa Cruz,Monte Horebe,Desterro,Conceição
Nova Olinda,Bernardino Batista,São José de Caiana,São Bentinho,Vista Serrana,Cacimba de Areia,Aparecida,Maturéia,Emas,Igaracy,Curral Velho
Nova Palmeira,Riacho de Santo Antônio,Coxixola,Livramento,Monteiro,Barra de São Miguel,Cubati,Amparo,São Mamede,Gurjão,Parari
Olho d'Água,Cajazeirinhas,Santana de Mangueira,Santa Cruz,Monte Horebe,Nazarezinho,Riacho dos Cavalos,Pedra Branca,Santa Inês,São Domingos,Jericó
Olivedos,Arara,Riachão do Bacamarte,Natuba,Sertãozinho,Serraria,Pilõezinhos,Itatuba,Caldas Brandão,Dona Inês,Massaranduba
Ouro Velho,Zabelê,Caraúbas,Frei Martinho,Parari,Camalaú,Gurjão,Tenório,São João do Tigre,Pedra Lavrada,Amparo
Parari,Gurjão,Zabelê,Ouro Velho,Caraúbas,Camalaú,Frei Martinho,Amparo,Tenório,São João do Tigre,Pedra Lavrada
Passagem,São José de Princesa,São José do Brejo do Cruz,Vieirópolis,Malta,Catingueira,Diamante,Areia de Baraúnas,São Domingos,Santa Inês,Mãe d'Água
Patos,São Bento,Pombal,Cacimbas,Água Branca,Maturéia,Imaculada,Juru,Aparecida,Cachoeira dos Índios,Poço de José de Moura
Paulista,Santa Teresinha,Cajazeiras,Conceição,Sousa,Quixabá,Teixeira,São João do Rio do Peixe,Lastro,Uiraúna,Itaporanga
Pedra Branca,Jericó,Mãe d'Água,Monte Horebe,Riacho dos Cavalos,Santa Inês,São Domingos,Areia de Baraúnas,Santa Cruz,Diamante,Santana de Mangueira
Pedra Lavrada,Camalaú,São João do Tigre,Caraúbas,Tenório,Juazeirinho,Frei Martinho,Ouro Velho,Zabelê,Gurjão,Parari
Pedras de Fogo,Alhandra,São Miguel de Taipu,Sobrado,Pilar,Conde,Cuité de Mamanguape,Mamanguape,Pitimbu,Itapororoca,Curral de Cima
Pedro Régis,Mataraca,Itapororoca,Pitimbu,Conde,Caaporã,Alhandra,Curral de Cima,Capim,Juripiranga,Cuité de Mamanguape
Piancó,Princesa Isabel,Diamante,Pombal,Riacho dos Cavalos,São Domingos,Santa Inês,Areia de Baraúnas,Jericó,São José de Princesa,Passagem
Picuí,Taperoá,Sumé,Salgadinho,São João do Cariri,Boqueirão,Barra de Santana,Junco do Seridó,Cabaceiras,Alcantil,Assunção
Pilar,Alhandra,Pedras de Fogo,São Miguel de Taipu,Sobrado,Pedro Régis,Pitimbu,Conde,Itapororoca,Cuité de Mamanguape,Cabedelo
Pilões,Santa Cecília,Montadas,Alagoinha,Serra Redonda,Logradouro,Caiçara,Araçagi,Itatuba,Riachão,Serraria
Pilõezinhos,Caldas Brandão,Riachão do Bacamarte,Borborema,Sertãozinho,Lagoa de Dentro,Salgado de São Félix,Damião,Massaranduba,Olivedos,Serraria
Pirpirituba,Damião,Cuitegi,Borborema,Caldas Brandão,Itatuba,Algodão de Jandaíra,Serraria,Logradouro,Pilõezinhos,Serra Redonda
Pitimbu,Itapororoca,Conde,Mataraca,Cuité de Mamanguape,Caaporã,Capim,Curral de Cima,Juripiranga,Pedro Régis,Baía da Traição
Pocinhos,Lagoa Seca,Alagoinha,Serra Redonda,Casserengue,Caiçara,Pilões,Santa Cecília,Logradouro,Cacimba de Dentro,Montadas
Poço Dantas,Desterro,São José de Piranhas,Teixeira,Coremas,São João do Rio do Peixe,Lastro,Uiraúna,Itaporanga,Jericó,Pedra Branca
Poço de José de Moura,Cacimbas,Bom Jesus,Brejo dos Santos,Santana dos Garrotes,Bom Sucesso,Serra Grande,Carrapateira,São José do Bonfim,Cachoeira dos Índios,Aparecida
Pombal,Piancó,Princesa Isabel,Diamante,Vieirópolis,Bonito de Santa Fé,Malta,Catingueira,São José da Lagoa Tapada,São José de Princesa,São José do Brejo do Cruz
Prata,Seridó,Boqueirão,Sumé,Salgadinho,Taperoá,Picuí,São João do Cariri,Junco do Seridó,Serra Branca,Caturité
Princesa Isabel,Piancó,Diamante,Riacho dos Cavalos,São Domingos,Pombal,Santa Inês,Areia de Baraúnas,São José de Princesa,Passagem,Jericó
Puxinanã,Cuité,Araruna,Barra de Santa Rosa,Mulungu,Riachão,Belém,Itabaiana,Alagoa Nova,Cacimba de Dentro,Bananeiras
Queimadas,Pocinhos,Esperança,Lagoa Seca,Cacimba de Dentro,Araçagi,Alagoa Nova,Alagoinha,Santa Cecília,Pilões,Barra de Santa Rosa
Quixabá,Lastro,Itaporanga,Uiraúna,Teixeira,São João do Rio do Peixe,Coremas,Desterro,Poço Dantas,São José de Piranhas,Marizópolis
Remígio,Mogeiro,Boa Vista,Gado Bravo,Areial,Matinhas,Lagoa Seca,Serra da Raiz,Casserengue,Soledade,Tacima
Riachão,Caiçara,Alagoinha,Puxinanã,Barra de Santa Rosa,Montadas,Cuité,Pilões,Cacimba de Dentro,Santa Cecília,Mulungu
Riachão do Bacamarte,Sertãozinho,Pilõezinhos,Caldas Brandão,Massaranduba,Borborema,Lagoa de Dentro,Olivedos,Salgado de São Félix,Arara,Serraria
Riachão do Poço,São José dos Ramos,Lucena,Mari,Baía da Traição,Marcação,Rio Tinto,Cruz do Espírito Santo,Juripiranga,Capim,Curral de Cima
Riacho de Santo Antônio,Coxixola,Nova Palmeira,Livramento,Barra de São Miguel,Amparo,Cubati,São Mamede,Monteiro,Gurjão,Parari
Riacho dos Cavalos,Santa Inês,São Domingos,Monte Horebe,Diamante,Areia de Baraúnas,Santa Cruz,Princesa Isabel,Jericó,Piancó,Pedra Branca
Rio Tinto,Mari,Lucena,Caaporã,Cruz do Espírito Santo,Baía da Traição,Marcação,Riachão do Poço,São José dos Ramos,Juripiranga,Jacaraú
Salgadinho,Sumé,Taperoá,Junco do Seridó,Picuí,Boqueirão,Serra Branca,São João do Cariri,São Mamede,Tenório,São João do Tigre
Salgado de São Félix,Lagoa de Dentro,Massaranduba,Pilõezinhos,Caldas Brandão,Riachão do Bacamarte,Arara,Borborema,Sertãozinho,Damião,Itatuba
Santa Cecília,Pilões,Montadas,Logradouro,Serra Redonda,Alagoinha,Itatuba,Araçagi,Serraria,Caiçara,Pocinhos
Santa Cruz,Monte Horebe,Santana de Mangueira,Riacho dos Cavalos,Santa Inês,São Domingos,Areia de Baraúnas,Pedra Branca,Diamante,Jericó,Princesa Isabel
Santa Helena,Aguiar,Santarém,Juru,Lagoa,Belém do Brejo do Cruz,Água Branca,Nova Olinda,São José de Caiana,Bernardino Batista,São Bentinho
Santa Inês,São Domingos,Areia de Baraúnas,Riacho dos Cavalos,Monte Horebe,Diamante,Santa Cruz,Passagem,São José de Princesa,São José do Brejo do Cruz,Pedra Branca
Santa Luzia,Monteiro,Nova Palmeira,Riacho de Santo Antônio,Livramento,Coxixola,Barra de São Miguel,Cubati,São Mamede,Amparo,Gurjão
Santa Rita,Pedras de Fogo,Mamanguape,Alhandra,Conde,Bayeux,Cabedelo,Caaporã,Pitimbu,Pilar,São Miguel de Taipu
Santa Teresinha,Paulista,Sousa,Cajazeiras,Quixabá,Conceição,Manaíra,Teixeira,São João do Rio do Peixe,Lastro,Uiraúna
Santana de Mangueira,Santa Cruz,Monte Horebe,Olho d'Água,Cajazeirinhas,Riacho dos Cavalos,Santa Inês,São Domingos,Pedra Branca,Areia de Baraúnas,Jericó
Santana dos Garrotes,Aparecida,Bom Jesus,Bom Sucesso,Maturéia,Mato Grosso,São José de Caiana,Cacimbas,Nova Olinda,Poço de José de Moura,Bernardino Batista
Santarém,Aguiar,Santa Helena,Juru,Belém do Brejo do Cruz,Lagoa,Água Branca,Nova Olinda,Bernardino Batista,São Bentinho,São José de Caiana
Santo André,São José do Sabugi,Alcantil,Assunção,Cabaceiras,São Domingos do Cariri,Baraúna,Barra de Santana,São João do Cariri,Tenório,São Sebastião do Umbuzeiro
São Bentinho,Cacimba de Areia,Vista Serrana,Nova Olinda,Bernardino Batista,Emas,Curral Velho,São José de Caiana,Igaracy,Aparecida,Mato Grosso
São Bento,Tavares,Marizópolis,São José de Piranhas,Brejo do Cruz,Uiraúna,Coremas,Itaporanga,Imaculada,São João do Rio do Peixe,Desterro
São Domingos,Santa Inês,Areia de Baraúnas,Riacho dos Cavalos,Diamante,Monte Horebe,Santa Cruz,Passagem,São José de Princesa,São José do Brejo do Cruz,Pedra Branca
São Domingos do Cariri,Assunção,Cabaceiras,São José do Sabugi,Baraúna,Santo André,São Sebastião do Umbuzeiro,Barra de Santana,Alcantil,São João do Cariri,Caturité
São Francisco,Catingueira,Malta,Igaracy,Curral Velho,Emas,Vieirópolis,Cacimba de Areia,São Bentinho,São José do Brejo do Cruz,Ibiara
São João do Cariri,São Domingos do Cariri,Baraúna,Cabaceiras,Assunção,São José do Sabugi,São Sebastião do Umbuzeiro,Santo André,Barra de Santana,Caturité,Alcantil
São João do Rio do Peixe,Teixeira,São José de Piranhas,Uiraúna,Poço Dantas,Desterro,Itaporanga,Lastro,Coremas,Quixabá,São Bento
São João do Tigre,Tenório,Camalaú,Frei Martinho,Caraúbas,Pedra Lavrada,Ouro Velho,Zabelê,Parari,Gurjão,Alcantil
São José da Lagoa Tapada,Ibiara,Bonito de Santa Fé,Mãe d'Água,Vieirópolis,Malta,Catingueira,Belém do Brejo do Cruz,São José do Brejo do Cruz,São José de Princesa,Passagem
São José de Caiana,Aparecida,Nova Olinda,Maturéia,Bernardino Batista,Santana dos Garrotes,Vista Serrana,São Bentinho,Mato Grosso,Cacimba de Areia,Bom Sucesso
São José de Espinharas,Boa Ventura,Condado,São José do Bonfim,Serra Grande,Carrapateira,Brejo dos Santos,Poço de José de Moura,Cachoeira dos Índios,Cacimbas,Bom Jesus
São José de Piranhas,Desterro,Coremas,Poço Dantas,São João do Rio do Peixe,Teixeira,Uiraúna,Itaporanga,Lastro,Marizópolis,São Bento
São José de Princesa,Passagem,São José do Brejo do Cruz,Vieirópolis,Malta,Catingueira,Diamante,Areia de Baraúnas,São Domingos,Santa Inês,São Francisco
São José do Bonfim,Serra Grande,Carrapateira,Brejo dos Santos,Poço de José de Moura,Bom Jesus,Condado,Bom Sucesso,Cachoeira dos Índios,Cacimbas,Santana dos Garrotes
São José do Brejo do Cruz,São José de Princesa,Passagem,Vieirópolis,Malta,Catingueira,Diamante,Areia de Baraúnas,São Domingos,São Francisco,Santa Inês
São José do Sabugi,Santo André,Assunção,Cabaceiras,São Domingos do Cariri,Alcantil,Baraúna,Barra de Santana,São João do Cariri,São Sebastião do Umbuzeiro,Caturité
São José dos Cordeiros,Várzea,Congo,Caturité,São Sebastião do Umbuzeiro,Baraúna,Barra de Santana,São João do Cariri,São Domingos do Cariri,Cabaceiras,Assunção
São José dos Ramos,Riachão do Poço,Lucena,Mari,Marcação,Baía da Traição,Cruz do Espírito Santo,Rio Tinto,Juripiranga,Capim,Jacaraú
São Mamede,Cubati,Barra de São Miguel,Amparo,Gurjão,Livramento,Parari,Coxixola,Caraúbas,Riacho de Santo Antônio,Zabelê
São Miguel de Taipu,Sobrado,Cuité de Mamanguape,Alhandra,Conde,Curral de Cima,Capim,Pitimbu,Juripiranga,Itapororoca,Mamanguape
São Sebastião de Lagoa de Roça,Dona Inês,Natuba,Arara,Sertãozinho,Massaranduba,Olivedos,Riachão do Bacamarte,Lagoa de Dentro,Salgado de São Félix,Pilõezinhos
São Sebastião do Umbuzeiro,Caturité,Baraúna,São Domingos do Cariri,Barra de Santana,Cabaceiras,Assunção,São João do Cariri,São José do Sabugi,Santo André,Alcantil
Seridó,Boqueirão,Prata,Salgadinho,Sumé,Taperoá,Junco do Seridó,Picuí,Serra Branca,São Mamede,São João do Cariri
Serra Branca,Junco do Seridó,São Mamede,Salgadinho,Taperoá,Sumé,Cubati,Barra de São Miguel,Amparo,Gurjão,Parari
Serra da Raiz,Boa Vista,Sossêgo,Casserengue,Mogeiro,Algodão de Jandaíra,Matinhas,Remígio,Serra Redonda,Logradouro,Caiçara
Serra Grande,São José do Bonfim,Carrapateira,Brejo dos Santos,Poço de José de Moura,Bom Jesus,Bom Sucesso,Condado,Cachoeira dos Índios,Cacimbas,Santana dos Garrotes
Serra Redonda,Logradouro,Algodão de Jandaíra,Montadas,Pilões,Sossêgo,Cuitegi,Santa Cecília,Casserengue,Caiçara,Alagoinha
Serraria,Itatuba,Borborema,Olivedos,Caldas Brandão,Damião,Pilõezinhos,Arara,Pirpirituba,Logradouro,Riachão do Bacamarte
Sertãozinho,Riachão do Bacamarte,Pilõezinhos,Caldas Brandão,Massaranduba,Olivedos,Lagoa de Dentro,Salgado de São Félix,Arara,Borborema,Natuba
Sobrado,São Miguel de Taipu,Cuité de Mamanguape,Alhandra,Curral de Cima,Conde,Capim,Juripiranga,Pitimbu,Itapororoca,Baía da Traição
Solânea,Bananeiras,Alagoa Grande,Araruna,Mulungu,Cuité,Puxinanã,Itabaiana,Alagoa Nova,Barra de Santa Rosa,Belém
Soledade,Tacima,Belém,Barra de Santa Rosa,Caiçara,Umbuzeiro,Alagoinha,Fagundes,Lagoa Seca,Mogeiro,Remígio
Sossêgo,Algodão de Jandaíra,Casserengue,Serra da Raiz,Serra Redonda,Cuitegi,Logradouro,Boa Vista,Pirpirituba,Damião,Mogeiro
Sousa,Santa Teresinha,Cajazeiras,Manaíra,Paulista,Catolé do Rocha,Quixabá,Uiraúna,Itaporanga,São João do Rio do Peixe,Teixeira
Sumé,Salgadinho,Taperoá,Picuí,Boqueirão,Junco do Seridó,Serra Branca,São João do Cariri,Alcantil,Santo André,São José do Sabugi
Tacima,Soledade,Fagundes,Belém,Umbuzeiro,Barra de Santa Rosa,Areial,Matinhas,Remígio,Gado Bravo,Boa Vista
Taperoá,Sumé,Salgadinho,Picuí,Junco do Seridó,São João do Cariri,Serra Branca,Alcantil,Boqueirão,Santo André,São José do Sabugi
Tavares,Brejo do Cruz,Marizópolis,Imaculada,São Bento,Coremas,Itaporanga,Uiraúna,Água Branca,Juru,São José de Piranhas
Teixeira,São João do Rio do Peixe,Poço Dantas,São José de Piranhas,Uiraúna,Desterro,Lastro,Itaporanga,Coremas,Quixabá,Marizópolis
Tenório,São João do Tigre,Frei Martinho,Camalaú,Caraúbas,Ouro Velho,Zabelê,Pedra Lavrada,Parari,Gurjão,Alcantil
Uiraúna,Itaporanga,Lastro,Coremas,São José de Piranhas,Teixeira,São João do Rio do Peixe,Desterro,Quixabá,Marizópolis,Poço Dantas
Umbuzeiro,Belém,Fagundes,Tacima,Soledade,Barra de Santa Rosa,Araruna,Puxinanã,Gurinhém,Cuité,Gado Bravo
Várzea,São José dos Cordeiros,Congo,Caturité,São Sebastião do Umbuzeiro,Baraúna,Barra de Santana,São João do Cariri,São Domingos do Cariri,Cabaceiras,Assunção
Vieirópolis,Malta,Catingueira,São José do Brejo do Cruz,São José de Princesa,Passagem,São Francisco,Diamante,São José da Lagoa Tapada,Igaracy,Ibiara
Vista Serrana,São Bentinho,Cacimba de Areia,Nova Olinda,Bernardino Batista,São José de Caiana,Emas,Curral Velho,Mato Grosso,Aparecida,Igaracy
Zabelê,Ouro Velho,Caraúbas,Parari,Frei Martinho,Camalaú,Gurjão,Tenório,São João do Tigre,Pedra Lavrada,Amparo