"Cidade","Vizinho1","Vizinho2","Vizinho3","Vizinho4","Vizinho5","Vizinho6","Vizinho7","Vizinho8","Vizinho9","Vizinho10"
"Água Branca","Puxinanã","Massaranduba","Juripiranga","Cuité de Mamanguape","Capim","Pilões","São Bento","Juarez Távora","Mogeiro","Curral de Cima"
"Aguiar","Pilar","São José de Espinharas","Igaracy","São Domingos do Cariri","Bernardino Batista","Nova Floresta","Nazarezinho","Jericó","Vista Serrana","São José de Princesa"
"Alagoa Grande","Bananeiras","Rio Tinto","Aroeiras","Lagoa Seca","Pedras de Fogo","Cacimba de Dentro","Sousa","Alagoa Nova","São José do Brejo do Cruz","Monteiro"
"Alagoa Nova","Pitimbu","São Miguel de Taipu","Cacimba de Dentro","Ingá","Rio Tinto","Boqueirão","Remígio","Mari","Bananeiras","Aroeiras"
"Alagoinha","Soledade","Boqueirão","Itabaiana","Uiraúna","Ingá","Seridó","Casserengue","Itaporanga","Caiçara","Santa Cecília"
"Alcantil","Condado","São José de Piranhas","Salgado de São Félix","Pedro Régis","Santa Helena","Cubati","Congo","Prata","Desterro","Damião"
"Algodão de Jandaíra","Tenório","São José do Bonfim","Serra Grande","Sossêgo","São José dos Cordeiros","Malta","Pedra Branca","Gurjão","Junco do Seridó","Cuitegi"
"Alhandra","Catolé do Rocha","Pombal","Umbuzeiro","Mataraca","Belém","Santarém","Sumé","Solânea","Esperança","Santana de Mangueira"
"Amparo","Matinhas","Bom Sucesso","Catingueira","Mato Grosso","Borborema","Bom Jesus","Emas","São José de Caiana","Santa Teresinha","Caldas Brandão"
"Aparecida","Serra Redonda","Juru","São José de Caiana","Borborema","Santa Teresinha","Igaracy","Matinhas","Triunfo","Nazarezinho","Curral Velho"
"Araçagi","Juazeirinho","Itapororoca","Gado Bravo","Gurinhém","Areia","Tavares","Cruz do Espírito Santo","São Bento","Brejo do Cruz","Baía da Traição"
"Arara","Marizópolis","Cachoeira dos Índios","Poço de José de Moura","Imaculada","Pilõezinhos","Cacimbas","Olho d'Água","Coremas","Lagoa","Marcação"
"Araruna","Jacaraú","Barra de São Miguel","Poço Dantas","Piancó","Solânea","Cuité","Lucena","Lagoa Seca","Princesa Isabel","Teixeira"
"Areia","Tavares","Mari","São Bento","Juazeirinho","Araçagi","Gurinhém","Mogeiro","Massaranduba","Cuité de Mamanguape","São Miguel de Taipu"
"Areia de Baraúnas","São Mamede","Santa Inês","Riacho de Santo Antônio","Assunção","Prata","São José do Sabugi","Cabaceiras","São Sebastião do Umbuzeiro","Salgado de São Félix","São Francisco"
"Areial","Mataraca","Nova Palmeira","São José da Lagoa Tapada","Umbuzeiro","Frei Martinho","Natuba","Santana de Mangueira","Cajazeirinhas","Sumé","Santarém"
"Aroeiras","Rio Tinto","Bananeiras","Alagoa Nova","Alagoa Grande","Cacimba de Dentro","Pitimbu","Mari","São Miguel de Taipu","Lagoa Seca","Ingá"
"Assunção","Cabaceiras","São Sebastião do Umbuzeiro","São Francisco","Pedro Régis","Areia de Baraúnas","Prata","Santa Inês","São José do Sabugi","Riacho de Santo Antônio","São Mamede"
"Baía da Traição","Brejo do Cruz","Gurinhém","Juripiranga","Nazarezinho","Puxinanã","Cuité de Mamanguape","Nova Floresta","Massaranduba","São Bento","Água Branca"
"Bananeiras","Rio Tinto","Lagoa Seca","Cacimba de Dentro","Alagoa Grande","Monteiro","Alagoa Nova","Aroeiras","Remígio","Pitimbu","Boqueirão"
"Baraúna","Montadas","Sertãozinho","São José dos Ramos","Quixabá","São Domingos","São José do Sabugi","Sobrado","Barra de Santa Rosa","Boa Vista","Santana de Mangueira"
"Barra de São Miguel","Lucena","Cuité","Piancó","Princesa Isabel","Santa Cecília","Lagoa de Dentro","Araruna","Remígio","Teixeira","Jacaraú"
"Barra de Santa Rosa","Paulista","Sobrado","São Domingos","Maturéia","Montadas","Boa Vista","Teixeira","Baraúna","São Francisco","São Sebastião do Umbuzeiro"
"Barra de Santana","Triunfo","Riacho dos Cavalos","Santa Teresinha","Caldas Brandão","Pilõezinhos","São José de Caiana","Logradouro","Bom Jesus","Lagoa","Serra Redonda"
"Bayeux","Queimadas","Pedras de Fogo","Cajazeiras","Sousa","Alagoa Grande","Sapé","São José do Brejo do Cruz","Aroeiras","Caaporã","Bananeiras"
"Belém","Santarém","Sumé","São Domingos","Paulista","Teixeira","Barra de Santa Rosa","Mataraca","Santana de Mangueira","Catolé do Rocha","Sobrado"
"Belém do Brejo do Cruz","Duas Estradas","Olivedos","Camalaú","Livramento","Curral de Cima","Junco do Seridó","Pedra Branca","Jericó","Cacimba de Areia","Capim"
"Bernardino Batista","São José de Espinharas","Nova Floresta","Jericó","Aguiar","Nazarezinho","Pilar","Igaracy","São Domingos do Cariri","Cacimba de Areia","São José de Princesa"
"Boa Ventura","Santana dos Garrotes","Monte Horebe","São João do Cariri","Salgadinho","Conceição","Nova Olinda","Itatuba","Diamante","Coxixola","Manaíra"
"Boa Vista","São Francisco","São Sebastião do Umbuzeiro","Cabaceiras","Maturéia","Sobrado","Assunção","São José do Sabugi","Damião","Montadas","São José dos Ramos"
"Bom Jesus","Caldas Brandão","Emas","Logradouro","Catingueira","Bom Sucesso","Riacho dos Cavalos","São Bentinho","Santa Teresinha","Lagoa","Barra de Santana"
"Bom Sucesso","Catingueira","Amparo","Emas","Bom Jesus","Matinhas","Caldas Brandão","Logradouro","Borborema","Santa Teresinha","São José de Caiana"
"Bonito de Santa Fé","Tacima","Seridó","Itaporanga","Casserengue","Juarez Távora","Cuitegi","Livramento","Algodão de Jandaíra","Curral de Cima","Pilões"
"Boqueirão","Ingá","Remígio","Alagoinha","Soledade","Pitimbu","Cacimba de Dentro","Santa Cecília","São Miguel de Taipu","Alagoa Nova","Itabaiana"
"Borborema","São José de Caiana","Serra Redonda","Santa Teresinha","Matinhas","Aparecida","Catingueira","Amparo","Triunfo","Juru","Bom Sucesso"
"Brejo do Cruz","Baía da Traição","Gurinhém","Juripiranga","Nazarezinho","Puxinanã","Nova Floresta","Massaranduba","Cuité de Mamanguape","São Bento","Água Branca"
"Brejo dos Santos","Caraúbas","Riachão do Poço","Lastro","Serraria","Serra da Raiz","Santa Cruz","Santa Rita","Riachão do Bacamarte","Coremas","Olho d'Água"
"Caaporã","Sapé","Aroeiras","Areia","Juazeirinho","Mari","Araçagi","Itapororoca","Mamanguape","Tavares","Alagoa Nova"
"Cabaceiras","São Francisco","São Sebastião do Umbuzeiro","Assunção","Boa Vista","São José do Sabugi","Pedro Régis","Damião","Maturéia","Riacho de Santo Antônio","Areia de Baraúnas"
"Cabedelo","Patos","Guarabira","Picuí","Conde","Pedra Lavrada","Dona Inês","São João do Rio do Peixe","Santa Luzia","Várzea","Esperança"
"Cachoeira dos Índios","Poço de José de Moura","Pilõezinhos","Arara","Imaculada","Lagoa","Cacimbas","Riacho dos Cavalos","Olho d'Água","Barra de Santana","Marizópolis"
"Cacimba de Areia","São José de Princesa","Santo André","Zabelê","Olivedos","Ouro Velho","Vista Serrana","Duas Estradas","Belém do Brejo do Cruz","Jericó","São José de Espinharas"
"Cacimba de Dentro","Remígio","Alagoa Nova","Boqueirão","Rio Tinto","Pitimbu","Ingá","Bananeiras","Monteiro","São Miguel de Taipu","Lagoa Seca"
"Cacimbas","Imaculada","Marcação","Pilõezinhos","Cachoeira dos Índios","Arara","Barra de Santana","Triunfo","Poço de José de Moura","Cruz do Espírito Santo","Riacho dos Cavalos"
"Caiçara","Pocinhos","Pirpirituba","Uiraúna","Casserengue","Taperoá","Alagoinha","Itaporanga","Soledade","São Sebastião de Lagoa de Roça","Cubati"
"Cajazeiras","Esperança","São José do Brejo do Cruz","Queimadas","Catolé do Rocha","Solânea","Poço Dantas","Alhandra","Sousa","Pombal","Jacaraú"
"Cajazeirinhas","Caturité","Nova Palmeira","Frei Martinho","Natuba","Areial","São João do Rio do Peixe","São José da Lagoa Tapada","Santa Luzia","Umbuzeiro","Dona Inês"
"Caldas Brandão","Logradouro","Bom Jesus","Riacho dos Cavalos","Emas","Lagoa","Catingueira","Barra de Santana","São Bentinho","Santa Teresinha","Triunfo"
"Camalaú","Junco do Seridó","Duas Estradas","Belém do Brejo do Cruz","Pedra Branca","Olivedos","Livramento","Curral de Cima","Serra Grande","Sossêgo","Algodão de Jandaíra"
"Campina Grande","São João do Tigre","Patos","Cabedelo","Bayeux","Guarabira","Cajazeiras","Queimadas","Esperança","Conde","Picuí"
"Capim","Pilões","Curral de Cima","Livramento","Juarez Távora","Puxinanã","Água Branca","Juripiranga","Belém do Brejo do Cruz","Jericó","Cuité de Mamanguape"
"Caraúbas","Brejo dos Santos","Riachão do Poço","Serra da Raiz","Santa Cruz","Santa Rita","Lastro","Serraria","Riachão do Bacamarte","Coxixola","Coremas"
"Carrapateira","Vieirópolis","Congo","Santa Helena","Mãe d'Água","São Sebastião de Lagoa de Roça","Parari","Malta","Condado","Gurjão","Cuitegi"
"Casserengue","Seridó","Itaporanga","Caiçara","Bonito de Santa Fé","Tacima","Soledade","Pirpirituba","Alagoinha","Cuitegi","Pocinhos"
"Catingueira","Bom Sucesso","Bom Jesus","Emas","Amparo","Caldas Brandão","Matinhas","Logradouro","Santa Teresinha","Borborema","São José de Caiana"
"Catolé do Rocha","Alhandra","Belém","Umbuzeiro","Solânea","Mataraca","Santarém","Pombal","Poço Dantas","Sumé","Jacaraú"
"Caturité","Cajazeirinhas","Nova Palmeira","Frei Martinho","Natuba","São João do Rio do Peixe","Areial","Santa Luzia","Dona Inês","Várzea","São José da Lagoa Tapada"
"Conceição","Itatuba","Santana dos Garrotes","Manaíra","Diamante","Nova Olinda","Mulungu","Monte Horebe","Coremas","Riachão do Poço","Caraúbas"
"Condado","Congo","Santa Helena","Alcantil","Vieirópolis","Pocinhos","Salgado de São Félix","São José de Piranhas","São Sebastião de Lagoa de Roça","Cubati","Parari"
"Conde","Picuí","Pombal","Esperança","Dona Inês","Guarabira","São João do Rio do Peixe","Natuba","Pedra Lavrada","Alhandra","Umbuzeiro"
"Congo","Santa Helena","Condado","Vieirópolis","Carrapateira","São Sebastião de Lagoa de Roça","Parari","Alcantil","Pirpirituba","Pocinhos","Mãe d'Água"
"Coremas","Marizópolis","Mulungu","Olho d'Água","Brejo dos Santos","Serraria","Riachão do Poço","Manaíra","Riachão do Bacamarte","Lastro","Poço de José de Moura"
"Coxixola","Santa Cruz","Serra da Raiz","Santa Rita","Caraúbas","Riachão do Poço","Brejo dos Santos","Lastro","Nova Olinda","Serraria","Diamante"
"Cruz do Espírito Santo","Itapororoca","Gado Bravo","Marcação","Cacimbas","Imaculada","Araçagi","Juazeirinho","Pilõezinhos","Juru","Gurinhém"
"Cubati","Taperoá","Desterro","Serra Branca","Alcantil","São José de Piranhas","Pocinhos","Damião","Condado","Pedro Régis","Uiraúna"
"Cuité","Lucena","Barra de São Miguel","Piancó","Santa Cecília","Princesa Isabel","Lagoa de Dentro","Remígio","Uiraúna","Monteiro","Taperoá"
"Cuité de Mamanguape","Massaranduba","Água Branca","São Bento","Puxinanã","Juripiranga","Tavares","Mogeiro","Gurinhém","Capim","Baía da Traição"
"Cuitegi","Malta","Mãe d'Água","São Sebastião de Lagoa de Roça","São José do Bonfim","Algodão de Jandaíra","Tenório","Pirpirituba","Gurjão","Vieirópolis","Bonito de Santa Fé"
"Curral de Cima","Livramento","Capim","Belém do Brejo do Cruz","Pilões","Juarez Távora","Camalaú","Duas Estradas","Olivedos","Junco do Seridó","Jericó"
"Curral Velho","Passagem","São Domingos do Cariri","Mato Grosso","Vista Serrana","Pilar","Igaracy","Aguiar","Matinhas","Ouro Velho","São José de Princesa"
"Damião","Desterro","Pedro Régis","São José de Piranhas","Serra Branca","São Sebastião do Umbuzeiro","São Francisco","Assunção","Maturéia","Cabaceiras","Salgado de São Félix"
"Desterro","Damião","Serra Branca","São José de Piranhas","Pedro Régis","Cubati","São Sebastião do Umbuzeiro","Maturéia","Salgado de São Félix","Alcantil","São Francisco"
"Diamante","Nova Olinda","Itatuba","Mulungu","Manaíra","Riachão do Poço","Caraúbas","Brejo dos Santos","Santa Cruz","Serra da Raiz","Coremas"
"Dona Inês","São João do Rio do Peixe","Pedra Lavrada","Santa Luzia","Natuba","Várzea","Caturité","Cajazeirinhas","Picuí","Conde","Pombal"
"Duas Estradas","Olivedos","Belém do Brejo do Cruz","Camalaú","Junco do Seridó","Pedra Branca","Livramento","Curral de Cima","Cacimba de Areia","Jericó","Zabelê"
"Emas","Bom Jesus","Bom Sucesso","Logradouro","Catingueira","Caldas Brandão","São Bentinho","Amparo","Lagoa","Riacho dos Cavalos","Santa Teresinha"
"Esperança","Pombal","Catolé do Rocha","Alhandra","Conde","Cajazeiras","Umbuzeiro","Solânea","Natuba","Poço Dantas","Mataraca"
"Fagundes","Mogeiro","Juarez Távora","Tacima","Seridó","São Miguel de Taipu","Água Branca","Pilões","Bonito de Santa Fé","Capim","Ingá"
"Frei Martinho","Nova Palmeira","Cajazeirinhas","Areial","São José da Lagoa Tapada","Caturité","Sertãozinho","Natuba","Santana de Mangueira","Mataraca","Sumé"
"Gado Bravo","Itapororoca","Cruz do Espírito Santo","Araçagi","Marcação","Juazeirinho","Gurinhém","Baía da Traição","Brejo do Cruz","Cacimbas","Imaculada"
"Guarabira","Conde","Picuí","Esperança","Patos","Pombal","Dona Inês","Pedra Lavrada","Cajazeiras","São João do Rio do Peixe","Alhandra"
"Gurinhém","Brejo do Cruz","São Bento","Baía da Traição","Tavares","Massaranduba","Cuité de Mamanguape","Araçagi","Juripiranga","Juazeirinho","Água Branca"
"Gurjão","São José do Bonfim","São José dos Cordeiros","Malta","Tenório","Algodão de Jandaíra","Sossêgo","Serra Grande","Mãe d'Água","Cuitegi","Pedra Branca"
"Ibiara","Camalaú","Junco do Seridó","Pedra Branca","Belém do Brejo do Cruz","Duas Estradas","Olivedos","Serra Grande","Sossêgo","Zabelê","Livramento"
"Igaracy","Pilar","Aguiar","São José de Espinharas","São Domingos do Cariri","Nazarezinho","Nova Floresta","Bernardino Batista","Curral Velho","Vista Serrana","Jericó"
"Imaculada","Cacimbas","Pilõezinhos","Marcação","Cachoeira dos Índios","Arara","Barra de Santana","Triunfo","Poço de José de Moura","Riacho dos Cavalos","Cruz do Espírito Santo"
"Ingá","Pitimbu","Boqueirão","São Miguel de Taipu","Alagoinha","Soledade","Alagoa Nova","Remígio","Cacimba de Dentro","Fagundes","Seridó"
"Itabaiana","Soledade","Uiraúna","Alagoinha","Itaporanga","Santa Cecília","Taperoá","Caiçara","Boqueirão","Pocinhos","Seridó"
"Itaporanga","Seridó","Casserengue","Soledade","Bonito de Santa Fé","Itabaiana","Pirpirituba","Alagoinha","Tacima","Caiçara","Cuitegi"
"Itapororoca","Cruz do Espírito Santo","Gado Bravo","Araçagi","Juazeirinho","Marcação","Cacimbas","Gurinhém","Imaculada","Brejo do Cruz","Baía da Traição"
"Itatuba","Diamante","Nova Olinda","Manaíra","Mulungu","Conceição","Riachão do Poço","Caraúbas","Brejo dos Santos","Coremas","Santa Cruz"
"Jacaraú","Poço Dantas","Solânea","Araruna","Teixeira","Piancó","Barra de São Miguel","Princesa Isabel","Lucena","Cuité","Belém"
"Jericó","Bernardino Batista","São José de Espinharas","Nova Floresta","Belém do Brejo do Cruz","Nazarezinho","Aguiar","Olivedos","Pilar","Duas Estradas","Juripiranga"
"João Pessoa","Campina Grande","São João do Tigre","Cabedelo","Patos","Bayeux","Guarabira","Cajazeiras","Queimadas","Pedras de Fogo","Sousa"
"Juarez Távora","Capim","Tacima","Curral de Cima","Livramento","Pilões","Bonito de Santa Fé","Água Branca","Fagundes","Puxinanã","Belém do Brejo do Cruz"
"Juazeirinho","Araçagi","Itapororoca","Areia","Gado Bravo","Gurinhém","Tavares","Cruz do Espírito Santo","São Bento","Brejo do Cruz","Baía da Traição"
"Junco do Seridó","Pedra Branca","Camalaú","Duas Estradas","Serra Grande","Belém do Brejo do Cruz","Sossêgo","Olivedos","Algodão de Jandaíra","Tenório","Livramento"
"Juripiranga","Puxinanã","Água Branca","Capim","Cuité de Mamanguape","Pilões","Massaranduba","Jericó","Baía da Traição","Brejo do Cruz","Curral de Cima"
"Juru","Aparecida","Serra Redonda","São José de Caiana","Borborema","Santa Teresinha","Triunfo","Barra de Santana","Riacho dos Cavalos","Matinhas","Igaracy"
"Lagoa","São Bentinho","Logradouro","Riacho dos Cavalos","Caldas Brandão","Bom Jesus","Barra de Santana","Poço de José de Moura","Riachão","Olho d'Água","Emas"
"Lagoa de Dentro","Santa Cecília","Lucena","Uiraúna","Taperoá","Barra de São Miguel","Cuité","Cubati","Caiçara","Alagoinha","Pocinhos"
"Lagoa Seca","Bananeiras","Rio Tinto","Monteiro","Araruna","Cacimba de Dentro","Remígio","Alagoa Grande","Barra de São Miguel","Cuité","Alagoa Nova"
"Lastro","Serraria","Riachão do Bacamarte","Brejo dos Santos","Santa Rita","Caraúbas","Riachão","Riachão do Poço","Serra da Raiz","Olho d'Água","Santa Cruz"
"Livramento","Curral de Cima","Belém do Brejo do Cruz","Capim","Pilões","Camalaú","Juarez Távora","Duas Estradas","Olivedos","Junco do Seridó","Pedra Branca"
"Logradouro","Caldas Brandão","São Bentinho","Bom Jesus","Lagoa","Emas","Riacho dos Cavalos","Catingueira","Barra de Santana","Bom Sucesso","Santa Teresinha"
"Lucena","Barra de São Miguel","Cuité","Piancó","Santa Cecília","Lagoa de Dentro","Princesa Isabel","Uiraúna","Taperoá","Remígio","Araruna"
"Mãe d'Água","Malta","Cuitegi","São Sebastião de Lagoa de Roça","Vieirópolis","Gurjão","Carrapateira","São José do Bonfim","Algodão de Jandaíra","Tenório","Pirpirituba"
"Malta","Mãe d'Água","São José do Bonfim","Cuitegi","Gurjão","Algodão de Jandaíra","Tenório","São José dos Cordeiros","Sossêgo","Serra Grande","São Sebastião de Lagoa de Roça"
"Mamanguape","Sapé","Caaporã","Cruz do Espírito Santo","Itapororoca","Juazeirinho","Araçagi","Gado Bravo","Areia","Marcação","Cacimbas"
"Manaíra","Mulungu","Diamante","Itatuba","Coremas","Riachão do Poço","Nova Olinda","Marizópolis","Brejo dos Santos","Caraúbas","Serraria"
"Marcação","Cacimbas","Imaculada","Cruz do Espírito Santo","Gado Bravo","Pilõezinhos","Itapororoca","Juru","Cachoeira dos Índios","Triunfo","Barra de Santana"
"Mari","Areia","São Miguel de Taipu","Mogeiro","Tavares","Pitimbu","São Bento","Alagoa Nova","Fagundes","Massaranduba","Ingá"
"Marizópolis","Arara","Poço de José de Moura","Coremas","Olho d'Água","Cachoeira dos Índios","Riachão do Bacamarte","Serraria","Pilõezinhos","Mulungu","Lagoa"
"Massaranduba","Cuité de Mamanguape","São Bento","Água Branca","Tavares","Puxinanã","Juripiranga","Mogeiro","Gurinhém","Capim","Brejo do Cruz"
"Mataraca","Santarém","Umbuzeiro","Santana de Mangueira","Sumé","Areial","Belém","São Domingos","São José da Lagoa Tapada","Sertãozinho","Alhandra"
"Matinhas","Amparo","Mato Grosso","Borborema","Catingueira","Bom Sucesso","São José de Caiana","Serra Redonda","Santa Teresinha","Curral Velho","Passagem"
"Mato Grosso","Passagem","Matinhas","Curral Velho","Amparo","Borborema","São Domingos do Cariri","Bom Sucesso","Catingueira","São José de Caiana","Serra Redonda"
"Maturéia","Sobrado","Boa Vista","São Francisco","São Sebastião do Umbuzeiro","Damião","Cabaceiras","Paulista","Barra de Santa Rosa","Desterro","Serra Branca"
"Mogeiro","Fagundes","Massaranduba","Tavares","São Bento","Cuité de Mamanguape","Água Branca","São Miguel de Taipu","Mari","Puxinanã","Juarez Távora"
"Montadas","Baraúna","São José dos Ramos","Sobrado","Quixabá","São José do Sabugi","Barra de Santa Rosa","Sertãozinho","São Domingos","Boa Vista","São Francisco"
"Monte Horebe","Nova Olinda","Santana dos Garrotes","Itatuba","Diamante","Conceição","Coxixola","Boa Ventura","Santa Cruz","Serra da Raiz","Riachão do Poço"
"Monteiro","Remígio","Lagoa Seca","Cuité","Bananeiras","Cacimba de Dentro","Boqueirão","Santa Cecília","Rio Tinto","Alagoa Nova","Barra de São Miguel"
"Mulungu","Manaíra","Diamante","Coremas","Riachão do Poço","Itatuba","Brejo dos Santos","Nova Olinda","Caraúbas","Marizópolis","Serraria"
"Natuba","Areial","Umbuzeiro","Caturité","Cajazeirinhas","Nova Palmeira","São João do Rio do Peixe","Mataraca","Dona Inês","Frei Martinho","Pombal"
"Nazarezinho","Nova Floresta","Bernardino Batista","Igaracy","São José de Espinharas","Aguiar","Pilar","Jericó","São Domingos do Cariri","Baía da Traição","Brejo do Cruz"
"Nova Floresta","Nazarezinho","Bernardino Batista","São José de Espinharas","Aguiar","Igaracy","Pilar","Jericó","São Domingos do Cariri","Juripiranga","Baía da Traição"
"Nova Olinda","Diamante","Itatuba","Mulungu","Riachão do Poço","Manaíra","Santa Cruz","Caraúbas","Brejo dos Santos","Serra da Raiz","Coxixola"
"Nova Palmeira","Frei Martinho","Cajazeirinhas","Caturité","Areial","Natuba","São José da Lagoa Tapada","Mataraca","Umbuzeiro","Santana de Mangueira","São João do Rio do Peixe"
"Olho d'Água","Poço de José de Moura","Riachão do Bacamarte","Riachão","Serraria","Lagoa","Lastro","Marizópolis","Cachoeira dos Índios","São Bentinho","Coremas"
"Olivedos","Duas Estradas","Belém do Brejo do Cruz","Camalaú","Cacimba de Areia","Junco do Seridó","Pedra Branca","Livramento","Curral de Cima","Jericó","Zabelê"
"Ouro Velho","Santo André","São José de Princesa","Vista Serrana","Cacimba de Areia","São Domingos do Cariri","Zabelê","Passagem","Pilar","Curral Velho","Aguiar"
"Parari","Santa Helena","Congo","Carrapateira","Condado","Vieirópolis","Alcantil","Salgado de São Félix","Prata","Santa Inês","São Sebastião de Lagoa de Roça"
"Passagem","Curral Velho","Mato Grosso","São Domingos do Cariri","Vista Serrana","Pilar","Matinhas","Igaracy","Ouro Velho","Aguiar","São José de Princesa"
"Patos","Guarabira","Cajazeiras","Esperança","Conde","Picuí","Pombal","Bayeux","Alhandra","Catolé do Rocha","Queimadas"
"Paulista","Barra de Santa Rosa","Sobrado","Teixeira","Maturéia","Boa Vista","São Domingos","Montadas","São Francisco","São Sebastião do Umbuzeiro","Cabaceiras"
"Pedra Branca","Junco do Seridó","Camalaú","Serra Grande","Sossêgo","Tenório","Algodão de Jandaíra","Duas Estradas","Belém do Brejo do Cruz","Olivedos","São José do Bonfim"
"Pedra Lavrada","Dona Inês","Santa Luzia","Várzea","Picuí","São João do Rio do Peixe","Caturité","Conde","Natuba","Cajazeirinhas","Nova Palmeira"
"Pedras de Fogo","Queimadas","Alagoa Grande","Aroeiras","Sousa","Bananeiras","Rio Tinto","Caaporã","São José do Brejo do Cruz","Lagoa Seca","Sapé"
"Pedro Régis","São José de Piranhas","Salgado de São Félix","Damião","Desterro","Prata","Assunção","São Sebastião do Umbuzeiro","Alcantil","Cabaceiras","São Francisco"
"Piancó","Princesa Isabel","Barra de São Miguel","Cuité","Lucena","Santa Cecília","Teixeira","Araruna","Lagoa de Dentro","Jacaraú","Serra Branca"
"Picuí","Conde","Pedra Lavrada","Dona Inês","São João do Rio do Peixe","Guarabira","Pombal","Santa Luzia","Várzea","Natuba","Esperança"
"Pilões","Capim","Curral de Cima","Livramento","Puxinanã","Juarez Távora","Água Branca","Juripiranga","Belém do Brejo do Cruz","Jericó","Tacima"
"Pilõezinhos","Cachoeira dos Índios","Imaculada","Barra de Santana","Cacimbas","Riacho dos Cavalos","Poço de José de Moura","Triunfo","Lagoa","Arara","Caldas Brandão"
"Pilar","Aguiar","Igaracy","São José de Espinharas","São Domingos do Cariri","Bernardino Batista","Nova Floresta","Nazarezinho","Vista Serrana","Curral Velho","São José de Princesa"
"Pirpirituba","Pocinhos","São Sebastião de Lagoa de Roça","Caiçara","Vieirópolis","Cuitegi","Casserengue","Itaporanga","Mãe d'Água","Congo","Condado"
"Pitimbu","São Miguel de Taipu","Ingá","Alagoa Nova","Boqueirão","Cacimba de Dentro","Mari","Remígio","Alagoinha","Fagundes","Soledade"
"Poço Dantas","Solânea","Jacaraú","Araruna","Teixeira","Piancó","Barra de São Miguel","Belém","São José do Brejo do Cruz","Catolé do Rocha","Princesa Isabel"
"Poço de José de Moura","Cachoeira dos Índios","Olho d'Água","Marizópolis","Pilõezinhos","Lagoa","Arara","Riachão do Bacamarte","Riachão","Riacho dos Cavalos","São Bentinho"
"Pocinhos","Caiçara","Pirpirituba","Uiraúna","Taperoá","São Sebastião de Lagoa de Roça","Condado","Cubati","Vieirópolis","Congo","Casserengue"
"Pombal","Alhandra","Esperança","Catolé do Rocha","Umbuzeiro","Conde","Natuba","Mataraca","Dona Inês","São João do Rio do Peixe","Areial"
"Prata","Santa Inês","Salgado de São Félix","Pedro Régis","Areia de Baraúnas","Assunção","São José de Piranhas","Alcantil","São Mamede","São Sebastião do Umbuzeiro","Cabaceiras"
"Princesa Isabel","Piancó","Lucena","Cuité","Barra de São Miguel","Serra Branca","Teixeira","Santa Cecília","Taperoá","Lagoa de Dentro","Desterro"
"Puxinanã","Juripiranga","Água Branca","Capim","Pilões","Massaranduba","Cuité de Mamanguape","Curral de Cima","Jericó","Livramento","Baía da Traição"
"Queimadas","Pedras de Fogo","Alagoa Grande","São José do Brejo do Cruz","Sousa","Cajazeiras","Bananeiras","Lagoa Seca","Aroeiras","Bayeux","Rio Tinto"
"Quixabá","São José dos Ramos","São José do Sabugi","Baraúna","Riacho de Santo Antônio","Montadas","São Mamede","Sertãozinho","Areia de Baraúnas","Cabaceiras","Boa Vista"
"Remígio","Boqueirão","Cacimba de Dentro","Santa Cecília","Monteiro","Ingá","Alagoinha","Cuité","Pitimbu","Soledade","Alagoa Nova"
"Riachão","Riachão do Bacamarte","Olho d'Água","Serraria","São Bentinho","Lastro","Lagoa","Logradouro","Poço de José de Moura","Santa Rita","Brejo dos Santos"
"Riachão do Bacamarte","Serraria","Lastro","Riachão","Olho d'Água","Brejo dos Santos","Santa Rita","Caraúbas","Riachão do Poço","Poço de José de Moura","Coremas"
"Riachão do Poço","Brejo dos Santos","Caraúbas","Santa Cruz","Serra da Raiz","Lastro","Serraria","Santa Rita","Riachão do Bacamarte","Mulungu","Coremas"
"Riacho de Santo Antônio","São Mamede","São José do Sabugi","Areia de Baraúnas","São José dos Ramos","Assunção","Cabaceiras","Santa Inês","São Sebastião do Umbuzeiro","Quixabá","São Francisco"
"Riacho dos Cavalos","Barra de Santana","Caldas Brandão","Triunfo","Logradouro","Lagoa","Santa Teresinha","Bom Jesus","Pilõezinhos","São Bentinho","São José de Caiana"
"Rio Tinto","Bananeiras","Cacimba de Dentro","Alagoa Nova","Aroeiras","Lagoa Seca","Remígio","Monteiro","Pitimbu","Alagoa Grande","Boqueirão"
"São Bentinho","Logradouro","Lagoa","Caldas Brandão","Emas","Bom Jesus","Riachão","Riacho dos Cavalos","Catingueira","Bom Sucesso","Olho d'Água"
"São Bento","Tavares","Massaranduba","Cuité de Mamanguape","Gurinhém","Água Branca","Mogeiro","Puxinanã","Juripiranga","Brejo do Cruz","Areia"
"São Domingos","Santana de Mangueira","Santarém","Barra de Santa Rosa","Baraúna","Montadas","Paulista","Sertãozinho","Sobrado","Sumé","Belém"
"São Domingos do Cariri","Pilar","Aguiar","Igaracy","Curral Velho","Vista Serrana","São José de Espinharas","Passagem","São José de Princesa","Santo André","Bernardino Batista"
"São Francisco","São Sebastião do Umbuzeiro","Cabaceiras","Boa Vista","Assunção","Maturéia","Damião","Sobrado","Pedro Régis","São José do Sabugi","Desterro"
"São João do Cariri","Salgadinho","Boa Ventura","Santana dos Garrotes","Monte Horebe","Conceição","Itatuba","Nova Olinda","Diamante","Coxixola","Manaíra"
"São João do Rio do Peixe","Dona Inês","Caturité","Santa Luzia","Natuba","Várzea","Cajazeirinhas","Nova Palmeira","Pedra Lavrada","Areial","Frei Martinho"
"São João do Tigre","Bayeux","Patos","Queimadas","Cajazeiras","Pedras de Fogo","Guarabira","Sapé","São José do Brejo do Cruz","Sousa","Esperança"
"São José da Lagoa Tapada","Sertãozinho","Santana de Mangueira","Areial","Frei Martinho","Baraúna","Sumé","São Domingos","Mataraca","Quixabá","Montadas"
"São José de Caiana","Serra Redonda","Borborema","Santa Teresinha","Triunfo","Aparecida","Juru","Barra de Santana","Matinhas","Catingueira","Riacho dos Cavalos"
"São José de Espinharas","Bernardino Batista","Aguiar","Pilar","Nova Floresta","Igaracy","Nazarezinho","Jericó","São Domingos do Cariri","São José de Princesa","Vista Serrana"
"São José de Piranhas","Pedro Régis","Salgado de São Félix","Desterro","Alcantil","Damião","Prata","Serra Branca","Assunção","Cubati","São Sebastião do Umbuzeiro"
"São José de Princesa","Santo André","Ouro Velho","Vista Serrana","Cacimba de Areia","São Domingos do Cariri","Pilar","Zabelê","Aguiar","São José de Espinharas","Bernardino Batista"
"São José do Bonfim","Tenório","Algodão de Jandaíra","Sossêgo","Gurjão","Serra Grande","São José dos Cordeiros","Malta","Cuitegi","Pedra Branca","Mãe d'Água"
"São José do Brejo do Cruz","Poço Dantas","Solânea","Lagoa Seca","Araruna","Jacaraú","Alagoa Grande","Sousa","Bananeiras","Monteiro","Rio Tinto"
"São José do Sabugi","Riacho de Santo Antônio","São José dos Ramos","São Mamede","Cabaceiras","Areia de Baraúnas","Assunção","São Francisco","São Sebastião do Umbuzeiro","Quixabá","Boa Vista"
"São José dos Cordeiros","Sossêgo","Tenório","São José do Bonfim","Gurjão","Serra Grande","Algodão de Jandaíra","Malta","Pedra Branca","Junco do Seridó","Mãe d'Água"
"São José dos Ramos","São José do Sabugi","Quixabá","Riacho de Santo Antônio","Montadas","Baraúna","São Mamede","Cabaceiras","Boa Vista","São Francisco","São Sebastião do Umbuzeiro"
"São Mamede","Riacho de Santo Antônio","Areia de Baraúnas","São José do Sabugi","Santa Inês","Assunção","São José dos Ramos","Cabaceiras","Prata","São Sebastião do Umbuzeiro","São Francisco"
"São Miguel de Taipu","Pitimbu","Ingá","Alagoa Nova","Mari","Fagundes","Mogeiro","Boqueirão","Soledade","Alagoinha","Cacimba de Dentro"
"São Sebastião de Lagoa de Roça","Vieirópolis","Mãe d'Água","Pirpirituba","Cuitegi","Carrapateira","Congo","Malta","Pocinhos","Santa Helena","Condado"
"São Sebastião do Umbuzeiro","São Francisco","Cabaceiras","Assunção","Boa Vista","Damião","Pedro Régis","Maturéia","São José do Sabugi","Desterro","Sobrado"
"Salgadinho","São João do Cariri","Boa Ventura","Santana dos Garrotes","Monte Horebe","Conceição","Itatuba","Nova Olinda","Diamante","Coxixola","Manaíra"
"Salgado de São Félix","Prata","Pedro Régis","São José de Piranhas","Alcantil","Santa Inês","Assunção","Damião","Desterro","Condado","Areia de Baraúnas"
"Santa Cecília","Cuité","Lucena","Lagoa de Dentro","Uiraúna","Remígio","Taperoá","Barra de São Miguel","Itabaiana","Alagoinha","Boqueirão"
"Santa Cruz","Serra da Raiz","Caraúbas","Santa Rita","Brejo dos Santos","Coxixola","Riachão do Poço","Lastro","Serraria","Riachão do Bacamarte","Nova Olinda"
"Santa Helena","Congo","Condado","Parari","Vieirópolis","Carrapateira","Alcantil","São Sebastião de Lagoa de Roça","Salgado de São Félix","Mãe d'Água","Pirpirituba"
"Santa Inês","Prata","Areia de Baraúnas","Assunção","Salgado de São Félix","São Mamede","Pedro Régis","Riacho de Santo Antônio","Cabaceiras","São José de Piranhas","São Sebastião do Umbuzeiro"
"Santa Luzia","Várzea","São João do Rio do Peixe","Dona Inês","Pedra Lavrada","Caturité","Cajazeirinhas","Nova Palmeira","Natuba","Frei Martinho","Areial"
"Santa Rita","Serra da Raiz","Lastro","Santa Cruz","Caraúbas","Brejo dos Santos","Serraria","Riachão do Bacamarte","Riachão do Poço","Coxixola","Riachão"
"Santa Teresinha","São José de Caiana","Triunfo","Serra Redonda","Borborema","Barra de Santana","Riacho dos Cavalos","Caldas Brandão","Catingueira","Bom Jesus","Juru"
"Santana de Mangueira","Santarém","São Domingos","Sertãozinho","Sumé","Mataraca","São José da Lagoa Tapada","Baraúna","Montadas","Areial","Barra de Santa Rosa"
"Santana dos Garrotes","Monte Horebe","Conceição","Boa Ventura","Itatuba","Nova Olinda","Diamante","Manaíra","Mulungu","Riachão do Poço","Coxixola"
"Santarém","Santana de Mangueira","São Domingos","Mataraca","Belém","Sumé","Barra de Santa Rosa","Sertãozinho","Paulista","Umbuzeiro","Baraúna"
"Santo André","São José de Princesa","Ouro Velho","Vista Serrana","Cacimba de Areia","São Domingos do Cariri","Zabelê","Pilar","Aguiar","São José de Espinharas","Bernardino Batista"
"Sapé","Mamanguape","Caaporã","Pedras de Fogo","Aroeiras","Juazeirinho","Alagoa Grande","Areia","Araçagi","Itapororoca","Mari"
"Seridó","Casserengue","Tacima","Bonito de Santa Fé","Itaporanga","Soledade","Alagoinha","Fagundes","Juarez Távora","Caiçara","Pirpirituba"
"Serra Branca","Desterro","Damião","São José de Piranhas","Cubati","Pedro Régis","Maturéia","São Sebastião do Umbuzeiro","Taperoá","Alcantil","São Francisco"
"Serra da Raiz","Santa Cruz","Santa Rita","Caraúbas","Brejo dos Santos","Coxixola","Riachão do Poço","Lastro","Serraria","Riachão do Bacamarte","Riachão"
"Serra Grande","Sossêgo","Tenório","Algodão de Jandaíra","São José do Bonfim","São José dos Cordeiros","Pedra Branca","Junco do Seridó","Gurjão","Malta","Camalaú"
"Serra Redonda","São José de Caiana","Borborema","Aparecida","Santa Teresinha","Juru","Triunfo","Barra de Santana","Matinhas","Catingueira","Riacho dos Cavalos"
"Serraria","Riachão do Bacamarte","Lastro","Brejo dos Santos","Riachão","Caraúbas","Olho d'Água","Santa Rita","Riachão do Poço","Serra da Raiz","Santa Cruz"
"Sertãozinho","Baraúna","São José da Lagoa Tapada","Santana de Mangueira","Montadas","Quixabá","São Domingos","São José dos Ramos","Sumé","Santarém","Barra de Santa Rosa"
"Sobrado","Barra de Santa Rosa","Maturéia","Boa Vista","Paulista","São Francisco","Montadas","São Sebastião do Umbuzeiro","Cabaceiras","Baraúna","São Domingos"
"Solânea","Poço Dantas","Jacaraú","Araruna","Teixeira","Belém","Catolé do Rocha","Piancó","São José do Brejo do Cruz","Barra de São Miguel","Princesa Isabel"
"Soledade","Alagoinha","Itabaiana","Itaporanga","Seridó","Boqueirão","Casserengue","Ingá","Uiraúna","Caiçara","Santa Cecília"
"Sossêgo","Serra Grande","Tenório","Algodão de Jandaíra","São José dos Cordeiros","São José do Bonfim","Pedra Branca","Gurjão","Junco do Seridó","Malta","Camalaú"
"Sousa","Alagoa Grande","São José do Brejo do Cruz","Lagoa Seca","Bananeiras","Monteiro","Rio Tinto","Pedras de Fogo","Aroeiras","Araruna","Alagoa Nova"
"Sumé","Santana de Mangueira","Santarém","Mataraca","Belém","São Domingos","Sertãozinho","São José da Lagoa Tapada","Baraúna","Montadas","Areial"
"Tacima","Bonito de Santa Fé","Juarez Távora","Seridó","Casserengue","Fagundes","Livramento","Curral de Cima","Pilões","Itaporanga","Capim"
"Taperoá","Uiraúna","Cubati","Pocinhos","Lagoa de Dentro","Caiçara","Santa Cecília","Serra Branca","Itabaiana","Desterro","Pirpirituba"
"Tavares","São Bento","Massaranduba","Cuité de Mamanguape","Areia","Gurinhém","Mogeiro","Água Branca","Mari","Puxinanã","Brejo do Cruz"
"Teixeira","Paulista","Barra de Santa Rosa","Princesa Isabel","Piancó","Maturéia","Sobrado","Jacaraú","Barra de São Miguel","Belém","Lucena"
"Tenório","Algodão de Jandaíra","Sossêgo","Serra Grande","São José do Bonfim","São José dos Cordeiros","Gurjão","Pedra Branca","Malta","Junco do Seridó","Cuitegi"
"Triunfo","Barra de Santana","Santa Teresinha","Riacho dos Cavalos","São José de Caiana","Serra Redonda","Caldas Brandão","Borborema","Juru","Pilõezinhos","Bom Jesus"
"Uiraúna","Taperoá","Caiçara","Santa Cecília","Itabaiana","Lagoa de Dentro","Alagoinha","Pocinhos","Soledade","Cubati","Pirpirituba"
"Umbuzeiro","Mataraca","Areial","Natuba","Santarém","Alhandra","Santana de Mangueira","Catolé do Rocha","Sumé","Belém","São José da Lagoa Tapada"
"Várzea","Santa Luzia","São João do Rio do Peixe","Pedra Lavrada","Dona Inês","Caturité","Cajazeirinhas","Nova Palmeira","Natuba","Frei Martinho","Areial"
"Vieirópolis","São Sebastião de Lagoa de Roça","Carrapateira","Congo","Mãe d'Água","Santa Helena","Pirpirituba","Condado","Cuitegi","Malta","Pocinhos"
"Vista Serrana","Ouro Velho","São José de Princesa","Santo André","São Domingos do Cariri","Pilar","Cacimba de Areia","Curral Velho","Passagem","Aguiar","São José de Espinharas"
"Zabelê","Cacimba de Areia","Santo André","Olivedos","São José de Princesa","Duas Estradas","Ouro Velho","Camalaú","Pedra Branca","Junco do Seridó","Belém do Brejo do Cruz"
